[
    {
        "model": "dggsreg.dggsreg",
        "pk": 23,
        "fields": {
            "uri": "http://www.purss.com/1",
            "name": "test DGGS 1",
            "basepoly":  [ "https://www.opengis.net/def/dggs/code/basepoly/tetrahedron" ],
            "basepoly_ref": "0.0,0.0,0.0",
            "refmodel":  [ "https://www.opengis.net/def/dggs/code/refmodel/WGS84_G1762" ],
            "refinement_ratio": 9,
            "tessellation_method": [  "https://www.opengis.net/def/dggs/code/tessellationmethod/HealPIX" ],
            "cellequalarea": true
        }
    },
    {
        "model": "dggsreg.dggsreg",
        "pk": 24,
        "fields": {
            "uri": "https://www.opengis.net/def/dggs/specs/rHealPIX-WGS84_G1762",
            "name": "rHealPIX-WGS84_G1762",
            "basepoly":  [ "https://www.opengis.net/def/dggs/code/basepoly/cube" ],
            "basepoly_ref": "0.0,0.0,0.0",
            "refmodel":  [ "https://www.opengis.net/def/dggs/code/refmodel/WGS84_G1762" ],
            "refinement_ratio": 9,
            "tessellation_method": [  "https://www.opengis.net/def/dggs/code/tessellationmethod/rHealPIX" ],
            "cellequalarea": true
        }
    },
    {
        "model": "dggsreg.dggsreg",
        "pk": 26,
        "fields": {
            "uri": "https://www.opengis.net/def/dggs/rHealPIX-GRS80",
            "name": "rHealPIX-GRS80",
            "basepoly":  [ "https://www.opengis.net/def/dggs/code/basepoly/cube" ],
            "basepoly_ref": "0.0,0.0,0.0",
            "refmodel":  [ "https://www.opengis.net/def/dggs/code/refmodel/GRS80" ],
            "refinement_ratio": 9,
            "tessellation_method": [  "https://www.opengis.net/def/dggs/code/tessellationmethod/rHealPIX" ],
            "cellequalarea": true
        }
    },
    {
        "model": "dggsreg.dggsreg",
        "pk": 27,
        "fields": {
            "uri": "https://www.opengis.net/def/dggs/tc_test_dggs",
            "name": "tc test dggs",
            "basepoly":  [ "https://www.opengis.net/def/dggs/code/basepoly/octahedron" ],
            "basepoly_ref": "0.0,0.0,0.0",
            "refmodel":  [ "https://www.opengis.net/def/dggs/code/refmodel/WGS84Ellipsoid" ],
            "refinement_ratio": 9,
            "tessellation_method": [  "https://www.opengis.net/def/dggs/code/tessellationmethod/Gnomic" ],
            "cellequalarea": true
        }
    },
    {
        "model": "dggsreg.dggsreg",
        "pk": 28,
        "fields": {
            "uri": "http://bla.com",
            "name": "blaaaaaa",
            "basepoly":  [ "https://www.opengis.net/def/dggs/code/basepoly/tetrahedron" ] ,
            "basepoly_ref": "0.0,0.0,0.0",
            "refmodel":  [ "https://www.opengis.net/def/dggs/code/refmodel/WGS84Ellipsoid" ],
            "refinement_ratio": 4,
            "tessellation_method": [  "https://www.opengis.net/def/dggs/code/tessellationmethod/Gnomic" ],
            "cellequalarea": true
        }
    },
    {
        "model": "dggsreg.dggsrequirement",
        "pk": 1,
        "fields": {
            "requirement": "http://www.opengis.net/spec/DGGS/1.0/req/core/model",
            "name": "A.1.1\tCore Data Model",
            "reference": "http://www.opengis.net/spec/DGGS/1.0/conf/core/model"
        }
    },
    {
        "model": "dggsreg.dggsrequirement",
        "pk": 2,
        "fields": {
            "requirement": "http://www.opengis.net/spec/DGGS/1.0/req/core/reference_frame/domain/area",
            "name": "A.1.2\tReference Frame – Global Domain – Surface Area Equivalence",
            "reference": "http://www.opengis.net/spec/DGGS/1.0/conf/core/reference_frame/domain/area"
        }
    },
    {
        "model": "dggsreg.dggsrequirement",
        "pk": 3,
        "fields": {
            "requirement": "http://www.opengis.net/spec/DGGS/1.0/req/core/reference_frame/domain/overlap",
            "name": "A.1.3\tReference Frame – Global Domain – Cell Boundary Overlap",
            "reference": "http://www.opengis.net/spec/DGGS/1.0/conf/core/reference_frame/domain/overlap"
        }
    },
    {
        "model": "dggsreg.dggsrequirement",
        "pk": 4,
        "fields": {
            "requirement": "http://www.opengis.net/spec/DGGS/1.0/req/core/reference_frame/tessellation_sequence",
            "name": "A.1.4\tReference Frame – Tessellation Sequence",
            "reference": "http://www.opengis.net/spec/DGGS/1.0/conf/core/reference_frame/tessellation_sequence"
        }
    },
    {
        "model": "dggsreg.dggsrequirement",
        "pk": 5,
        "fields": {
            "requirement": "http://www.opengis.net/spec/DGGS/1.0/req/core/reference_frame/global_area_preservation",
            "name": "A.1.5\tReference Frame — Global Area Preservation",
            "reference": "http://www.opengis.net/spec/DGGS/1.0/conf/core/reference_frame/global_area_preservation"
        }
    },
    {
        "model": "dggsreg.dggsrequirement",
        "pk": 6,
        "fields": {
            "requirement": "http://www.opengis.net/spec/DGGS/1.0/req/core/reference_frame/cell/shape",
            "name": "A.1.6\tReference Frame — Cell Shape",
            "reference": "http://www.opengis.net/spec/DGGS/1.0/conf/core/reference_frame/cell/shape"
        }
    },
    {
        "model": "dggsreg.dggsrequirement",
        "pk": 7,
        "fields": {
            "requirement": "http://www.opengis.net/spec/DGGS/1.0/req/core/reference_frame/cell/equal_area_precision",
            "name": "A.1.7\tReference Frame — Equal Area Precision",
            "reference": "http://www.opengis.net/spec/DGGS/1.0/conf/core/reference_frame/cell/equal_area_precision"
        }
    },
    {
        "model": "dggsreg.dggsrequirement",
        "pk": 8,
        "fields": {
            "requirement": "http://www.opengis.net/spec/DGGS/1.0/req/core/reference_frame/cell/equal_area",
            "name": "A.1.8\tReference Frame — Equal Area Cells",
            "reference": "http://www.opengis.net/spec/DGGS/1.0/conf/core/reference_frame/cell/equal_area"
        }
    },
    {
        "model": "dggsreg.dggsrequirement",
        "pk": 9,
        "fields": {
            "requirement": "http://www.opengis.net/spec/DGGS/1.0/req/core/reference_frame/cell/initial_tessellation",
            "name": "A.1.9\tReference Frame – Initial Tessellation",
            "reference": "http://www.opengis.net/spec/DGGS/1.0/conf/core/reference_frame/cell/initial_tessellation"
        }
    },
    {
        "model": "dggsreg.dggsrequirement",
        "pk": 10,
        "fields": {
            "requirement": "http://www.opengis.net/spec/DGGS/1.0/req/core/reference_frame/cell/refinement",
            "name": "A.1.10\tReference Frame – Cell Refinement",
            "reference": "http://www.opengis.net/spec/DGGS/1.0/conf/core/reference_frame/cell/refinement"
        }
    },
    {
        "model": "dggsreg.dggsrequirement",
        "pk": 11,
        "fields": {
            "requirement": "http://www.opengis.net/spec/DGGS/1.0/req/core/reference_frame/cell/indexing",
            "name": "A.1.11\tReference Frame – Cell Addressing",
            "reference": "http://www.opengis.net/spec/DGGS/1.0/conf/core/reference_frame/cell/indexing"
        }
    },
    {
        "model": "dggsreg.dggsrequirement",
        "pk": 12,
        "fields": {
            "requirement": "http://www.opengis.net/spec/DGGS/1.0/req/core/reference_frame/spatial_reference",
            "name": "A.1.12\tReference Frame – Spatial Reference",
            "reference": "http://www.opengis.net/spec/DGGS/1.0/conf/core/reference_frame/spatial_reference"
        }
    },
    {
        "model": "dggsreg.dggsrequirement",
        "pk": 13,
        "fields": {
            "requirement": "http://www.opengis.net/spec/DGGS/1.0/req/core/reference_frame/spatial_reference/cell_centroid",
            "name": "A.1.13\tReference Frame – Spatial Reference – Cells Referenced at their Centroid",
            "reference": "http://www.opengis.net/spec/DGGS/1.0/conf/core/reference_frame/spatial_reference/cell_centroid"
        }
    },
    {
        "model": "dggsreg.dggsrequirement",
        "pk": 14,
        "fields": {
            "requirement": "http://www.opengis.net/spec/DGGS/1.0/req/core/methods/quantization",
            "name": "A.1.14\tFunctional Algorithms – Quantization Operations",
            "reference": "http://www.opengis.net/spec/DGGS/1.0/conf/core/methods/quantization"
        }
    },
    {
        "model": "dggsreg.dggsrequirement",
        "pk": 15,
        "fields": {
            "requirement": "http://www.opengis.net/spec/DGGS/1.0/req/core/methods/algebraic_processes/cell_navigation",
            "name": "A.1.15\tFunctional Algorithms – Algebraic Processes – Cell Navigation",
            "reference": "http://www.opengis.net/spec/DGGS/1.0/conf/core/methods/algebraic_processes/cell_navigation"
        }
    },
    {
        "model": "dggsreg.dggsrequirement",
        "pk": 16,
        "fields": {
            "requirement": "http://www.opengis.net/spec/DGGS/1.0/req/core/methods/algebraic_processes/spatial_analysis",
            "name": "A.1.16\tFunctional Algorithms – Algebraic Processes – Spatial Analysis",
            "reference": "http://www.opengis.net/spec/DGGS/1.0/conf/core/methods/algebraic_processes/spatial_analysis"
        }
    },
    {
        "model": "dggsreg.dggsrequirement",
        "pk": 17,
        "fields": {
            "requirement": "http://www.opengis.net/spec/DGGS/1.0/req/core/methods/interoperability/query",
            "name": "A.1.17\tFunctional Algorithms – Interoperability Query Operations",
            "reference": "http://www.opengis.net/spec/DGGS/1.0/conf/core/methods/interoperability/query"
        }
    },
    {
        "model": "dggsreg.dggsrequirement",
        "pk": 18,
        "fields": {
            "requirement": "http://www.opengis.net/spec/DGGS/1.0/req/core/methods/interoperability/broadcast",
            "name": "A.1.18\tFunctional Algorithms – Interoperability Broadcast Operations",
            "reference": "http://www.opengis.net/spec/DGGS/1.0/conf/core/methods/interoperability/broadcast"
        }
    },
    {
        "model": "dggsreg.dggsconformancetest",
        "pk": 151,
        "fields": {
            "requirement": 1,
            "dggs": 23,
            "status": "FAIL",
            "notes": "adsfasdf\r\nasdf\r\n\r\nasdflkj\r\n\r\na\r\nasd\r\nasd\r\nfasdflkadsjflkj",
            "test_resource": null
        }
    },
    {
        "model": "dggsreg.dggsconformancetest",
        "pk": 152,
        "fields": {
            "requirement": 2,
            "dggs": 23,
            "status": "FAIL",
            "notes": "asdasdfa",
            "test_resource": null
        }
    },
    {
        "model": "dggsreg.dggsconformancetest",
        "pk": 153,
        "fields": {
            "requirement": 3,
            "dggs": 23,
            "status": "UNKNOWN",
            "notes": "",
            "test_resource": null
        }
    },
    {
        "model": "dggsreg.dggsconformancetest",
        "pk": 154,
        "fields": {
            "requirement": 4,
            "dggs": 23,
            "status": "UNKNOWN",
            "notes": "",
            "test_resource": null
        }
    },
    {
        "model": "dggsreg.dggsconformancetest",
        "pk": 155,
        "fields": {
            "requirement": 5,
            "dggs": 23,
            "status": "UNKNOWN",
            "notes": "",
            "test_resource": null
        }
    },
    {
        "model": "dggsreg.dggsconformancetest",
        "pk": 156,
        "fields": {
            "requirement": 6,
            "dggs": 23,
            "status": "UNKNOWN",
            "notes": "",
            "test_resource": null
        }
    },
    {
        "model": "dggsreg.dggsconformancetest",
        "pk": 157,
        "fields": {
            "requirement": 7,
            "dggs": 23,
            "status": "UNKNOWN",
            "notes": "",
            "test_resource": null
        }
    },
    {
        "model": "dggsreg.dggsconformancetest",
        "pk": 158,
        "fields": {
            "requirement": 8,
            "dggs": 23,
            "status": "UNKNOWN",
            "notes": "",
            "test_resource": null
        }
    },
    {
        "model": "dggsreg.dggsconformancetest",
        "pk": 159,
        "fields": {
            "requirement": 9,
            "dggs": 23,
            "status": "UNKNOWN",
            "notes": "",
            "test_resource": null
        }
    },
    {
        "model": "dggsreg.dggsconformancetest",
        "pk": 160,
        "fields": {
            "requirement": 10,
            "dggs": 23,
            "status": "UNKNOWN",
            "notes": "",
            "test_resource": null
        }
    },
    {
        "model": "dggsreg.dggsconformancetest",
        "pk": 161,
        "fields": {
            "requirement": 11,
            "dggs": 23,
            "status": "UNKNOWN",
            "notes": "",
            "test_resource": null
        }
    },
    {
        "model": "dggsreg.dggsconformancetest",
        "pk": 162,
        "fields": {
            "requirement": 12,
            "dggs": 23,
            "status": "UNKNOWN",
            "notes": "",
            "test_resource": null
        }
    },
    {
        "model": "dggsreg.dggsconformancetest",
        "pk": 163,
        "fields": {
            "requirement": 13,
            "dggs": 23,
            "status": "UNKNOWN",
            "notes": "",
            "test_resource": null
        }
    },
    {
        "model": "dggsreg.dggsconformancetest",
        "pk": 164,
        "fields": {
            "requirement": 14,
            "dggs": 23,
            "status": "UNKNOWN",
            "notes": "",
            "test_resource": null
        }
    },
    {
        "model": "dggsreg.dggsconformancetest",
        "pk": 165,
        "fields": {
            "requirement": 15,
            "dggs": 23,
            "status": "UNKNOWN",
            "notes": "",
            "test_resource": null
        }
    },
    {
        "model": "dggsreg.dggsconformancetest",
        "pk": 166,
        "fields": {
            "requirement": 16,
            "dggs": 23,
            "status": "UNKNOWN",
            "notes": "",
            "test_resource": null
        }
    },
    {
        "model": "dggsreg.dggsconformancetest",
        "pk": 167,
        "fields": {
            "requirement": 17,
            "dggs": 23,
            "status": "UNKNOWN",
            "notes": "",
            "test_resource": null
        }
    },
    {
        "model": "dggsreg.dggsconformancetest",
        "pk": 168,
        "fields": {
            "requirement": 18,
            "dggs": 23,
            "status": "PASS",
            "notes": "asdfasdfasdf",
            "test_resource": null
        }
    },
    {
        "model": "dggsreg.dggsconformancetest",
        "pk": 169,
        "fields": {
            "requirement": 1,
            "dggs": 26,
            "status": "UNKNOWN",
            "notes": "",
            "test_resource": null
        }
    },
    {
        "model": "dggsreg.dggsconformancetest",
        "pk": 170,
        "fields": {
            "requirement": 2,
            "dggs": 26,
            "status": "UNKNOWN",
            "notes": "",
            "test_resource": null
        }
    },
    {
        "model": "dggsreg.dggsconformancetest",
        "pk": 171,
        "fields": {
            "requirement": 3,
            "dggs": 26,
            "status": "UNKNOWN",
            "notes": "",
            "test_resource": null
        }
    },
    {
        "model": "dggsreg.dggsconformancetest",
        "pk": 172,
        "fields": {
            "requirement": 4,
            "dggs": 26,
            "status": "UNKNOWN",
            "notes": "",
            "test_resource": null
        }
    },
    {
        "model": "dggsreg.dggsconformancetest",
        "pk": 173,
        "fields": {
            "requirement": 5,
            "dggs": 26,
            "status": "UNKNOWN",
            "notes": "",
            "test_resource": null
        }
    },
    {
        "model": "dggsreg.dggsconformancetest",
        "pk": 174,
        "fields": {
            "requirement": 6,
            "dggs": 26,
            "status": "UNKNOWN",
            "notes": "",
            "test_resource": null
        }
    },
    {
        "model": "dggsreg.dggsconformancetest",
        "pk": 175,
        "fields": {
            "requirement": 7,
            "dggs": 26,
            "status": "UNKNOWN",
            "notes": "",
            "test_resource": null
        }
    },
    {
        "model": "dggsreg.dggsconformancetest",
        "pk": 176,
        "fields": {
            "requirement": 8,
            "dggs": 26,
            "status": "UNKNOWN",
            "notes": "",
            "test_resource": null
        }
    },
    {
        "model": "dggsreg.dggsconformancetest",
        "pk": 177,
        "fields": {
            "requirement": 9,
            "dggs": 26,
            "status": "UNKNOWN",
            "notes": "",
            "test_resource": null
        }
    },
    {
        "model": "dggsreg.dggsconformancetest",
        "pk": 178,
        "fields": {
            "requirement": 10,
            "dggs": 26,
            "status": "UNKNOWN",
            "notes": "",
            "test_resource": null
        }
    },
    {
        "model": "dggsreg.dggsconformancetest",
        "pk": 179,
        "fields": {
            "requirement": 11,
            "dggs": 26,
            "status": "UNKNOWN",
            "notes": "",
            "test_resource": null
        }
    },
    {
        "model": "dggsreg.dggsconformancetest",
        "pk": 180,
        "fields": {
            "requirement": 12,
            "dggs": 26,
            "status": "UNKNOWN",
            "notes": "",
            "test_resource": null
        }
    },
    {
        "model": "dggsreg.dggsconformancetest",
        "pk": 181,
        "fields": {
            "requirement": 13,
            "dggs": 26,
            "status": "UNKNOWN",
            "notes": "",
            "test_resource": null
        }
    },
    {
        "model": "dggsreg.dggsconformancetest",
        "pk": 182,
        "fields": {
            "requirement": 14,
            "dggs": 26,
            "status": "UNKNOWN",
            "notes": "",
            "test_resource": null
        }
    },
    {
        "model": "dggsreg.dggsconformancetest",
        "pk": 183,
        "fields": {
            "requirement": 15,
            "dggs": 26,
            "status": "UNKNOWN",
            "notes": "",
            "test_resource": null
        }
    },
    {
        "model": "dggsreg.dggsconformancetest",
        "pk": 184,
        "fields": {
            "requirement": 16,
            "dggs": 26,
            "status": "UNKNOWN",
            "notes": "",
            "test_resource": null
        }
    },
    {
        "model": "dggsreg.dggsconformancetest",
        "pk": 185,
        "fields": {
            "requirement": 17,
            "dggs": 26,
            "status": "UNKNOWN",
            "notes": "",
            "test_resource": null
        }
    },
    {
        "model": "dggsreg.dggsconformancetest",
        "pk": 186,
        "fields": {
            "requirement": 18,
            "dggs": 26,
            "status": "UNKNOWN",
            "notes": "",
            "test_resource": null
        }
    },
    {
        "model": "dggsreg.dggsconformancetest",
        "pk": 187,
        "fields": {
            "requirement": 1,
            "dggs": 24,
            "status": "PASS",
            "notes": "dasdfasdf",
            "test_resource": null
        }
    },
    {
        "model": "dggsreg.dggsconformancetest",
        "pk": 188,
        "fields": {
            "requirement": 2,
            "dggs": 24,
            "status": "FAIL",
            "notes": "asdfasdf",
            "test_resource": null
        }
    },
    {
        "model": "dggsreg.dggsconformancetest",
        "pk": 189,
        "fields": {
            "requirement": 3,
            "dggs": 24,
            "status": "PASS",
            "notes": "asdfasdf",
            "test_resource": null
        }
    },
    {
        "model": "dggsreg.dggsconformancetest",
        "pk": 190,
        "fields": {
            "requirement": 4,
            "dggs": 24,
            "status": "FAIL",
            "notes": "asdfasdf",
            "test_resource": null
        }
    },
    {
        "model": "dggsreg.dggsconformancetest",
        "pk": 191,
        "fields": {
            "requirement": 5,
            "dggs": 24,
            "status": "PASS",
            "notes": "asdasdf",
            "test_resource": null
        }
    },
    {
        "model": "dggsreg.dggsconformancetest",
        "pk": 192,
        "fields": {
            "requirement": 6,
            "dggs": 24,
            "status": "FAIL",
            "notes": "asdfasdf",
            "test_resource": null
        }
    },
    {
        "model": "dggsreg.dggsconformancetest",
        "pk": 193,
        "fields": {
            "requirement": 7,
            "dggs": 24,
            "status": "UNKNOWN",
            "notes": "",
            "test_resource": null
        }
    },
    {
        "model": "dggsreg.dggsconformancetest",
        "pk": 194,
        "fields": {
            "requirement": 8,
            "dggs": 24,
            "status": "UNKNOWN",
            "notes": "",
            "test_resource": null
        }
    },
    {
        "model": "dggsreg.dggsconformancetest",
        "pk": 195,
        "fields": {
            "requirement": 9,
            "dggs": 24,
            "status": "UNKNOWN",
            "notes": "",
            "test_resource": null
        }
    },
    {
        "model": "dggsreg.dggsconformancetest",
        "pk": 196,
        "fields": {
            "requirement": 10,
            "dggs": 24,
            "status": "UNKNOWN",
            "notes": "",
            "test_resource": null
        }
    },
    {
        "model": "dggsreg.dggsconformancetest",
        "pk": 197,
        "fields": {
            "requirement": 11,
            "dggs": 24,
            "status": "UNKNOWN",
            "notes": "",
            "test_resource": null
        }
    },
    {
        "model": "dggsreg.dggsconformancetest",
        "pk": 198,
        "fields": {
            "requirement": 12,
            "dggs": 24,
            "status": "UNKNOWN",
            "notes": "",
            "test_resource": null
        }
    },
    {
        "model": "dggsreg.dggsconformancetest",
        "pk": 199,
        "fields": {
            "requirement": 13,
            "dggs": 24,
            "status": "UNKNOWN",
            "notes": "",
            "test_resource": null
        }
    },
    {
        "model": "dggsreg.dggsconformancetest",
        "pk": 200,
        "fields": {
            "requirement": 14,
            "dggs": 24,
            "status": "UNKNOWN",
            "notes": "",
            "test_resource": null
        }
    },
    {
        "model": "dggsreg.dggsconformancetest",
        "pk": 201,
        "fields": {
            "requirement": 15,
            "dggs": 24,
            "status": "UNKNOWN",
            "notes": "",
            "test_resource": null
        }
    },
    {
        "model": "dggsreg.dggsconformancetest",
        "pk": 202,
        "fields": {
            "requirement": 16,
            "dggs": 24,
            "status": "UNKNOWN",
            "notes": "",
            "test_resource": null
        }
    },
    {
        "model": "dggsreg.dggsconformancetest",
        "pk": 203,
        "fields": {
            "requirement": 17,
            "dggs": 24,
            "status": "UNKNOWN",
            "notes": "",
            "test_resource": null
        }
    },
    {
        "model": "dggsreg.dggsconformancetest",
        "pk": 204,
        "fields": {
            "requirement": 18,
            "dggs": 24,
            "status": "UNKNOWN",
            "notes": "",
            "test_resource": null
        }
    },
    {
        "model": "dggsreg.dggsconformancetest",
        "pk": 205,
        "fields": {
            "requirement": 1,
            "dggs": 27,
            "status": "PASS",
            "notes": "dfgsdfg",
            "test_resource": null
        }
    },
    {
        "model": "dggsreg.dggsconformancetest",
        "pk": 206,
        "fields": {
            "requirement": 2,
            "dggs": 27,
            "status": "PASS",
            "notes": "sdfgsdf",
            "test_resource": null
        }
    },
    {
        "model": "dggsreg.dggsconformancetest",
        "pk": 207,
        "fields": {
            "requirement": 3,
            "dggs": 27,
            "status": "FAIL",
            "notes": "sdfgsttsert",
            "test_resource": null
        }
    },
    {
        "model": "dggsreg.dggsconformancetest",
        "pk": 208,
        "fields": {
            "requirement": 4,
            "dggs": 27,
            "status": "UNKNOWN",
            "notes": "",
            "test_resource": null
        }
    },
    {
        "model": "dggsreg.dggsconformancetest",
        "pk": 209,
        "fields": {
            "requirement": 5,
            "dggs": 27,
            "status": "UNKNOWN",
            "notes": "",
            "test_resource": null
        }
    },
    {
        "model": "dggsreg.dggsconformancetest",
        "pk": 210,
        "fields": {
            "requirement": 6,
            "dggs": 27,
            "status": "UNKNOWN",
            "notes": "",
            "test_resource": null
        }
    },
    {
        "model": "dggsreg.dggsconformancetest",
        "pk": 211,
        "fields": {
            "requirement": 7,
            "dggs": 27,
            "status": "UNKNOWN",
            "notes": "",
            "test_resource": null
        }
    },
    {
        "model": "dggsreg.dggsconformancetest",
        "pk": 212,
        "fields": {
            "requirement": 8,
            "dggs": 27,
            "status": "UNKNOWN",
            "notes": "",
            "test_resource": null
        }
    },
    {
        "model": "dggsreg.dggsconformancetest",
        "pk": 213,
        "fields": {
            "requirement": 9,
            "dggs": 27,
            "status": "UNKNOWN",
            "notes": "",
            "test_resource": null
        }
    },
    {
        "model": "dggsreg.dggsconformancetest",
        "pk": 214,
        "fields": {
            "requirement": 10,
            "dggs": 27,
            "status": "UNKNOWN",
            "notes": "",
            "test_resource": null
        }
    },
    {
        "model": "dggsreg.dggsconformancetest",
        "pk": 215,
        "fields": {
            "requirement": 11,
            "dggs": 27,
            "status": "UNKNOWN",
            "notes": "",
            "test_resource": null
        }
    },
    {
        "model": "dggsreg.dggsconformancetest",
        "pk": 216,
        "fields": {
            "requirement": 12,
            "dggs": 27,
            "status": "UNKNOWN",
            "notes": "",
            "test_resource": null
        }
    },
    {
        "model": "dggsreg.dggsconformancetest",
        "pk": 217,
        "fields": {
            "requirement": 13,
            "dggs": 27,
            "status": "UNKNOWN",
            "notes": "",
            "test_resource": null
        }
    },
    {
        "model": "dggsreg.dggsconformancetest",
        "pk": 218,
        "fields": {
            "requirement": 14,
            "dggs": 27,
            "status": "UNKNOWN",
            "notes": "",
            "test_resource": null
        }
    },
    {
        "model": "dggsreg.dggsconformancetest",
        "pk": 219,
        "fields": {
            "requirement": 15,
            "dggs": 27,
            "status": "UNKNOWN",
            "notes": "",
            "test_resource": null
        }
    },
    {
        "model": "dggsreg.dggsconformancetest",
        "pk": 220,
        "fields": {
            "requirement": 16,
            "dggs": 27,
            "status": "UNKNOWN",
            "notes": "",
            "test_resource": null
        }
    },
    {
        "model": "dggsreg.dggsconformancetest",
        "pk": 221,
        "fields": {
            "requirement": 17,
            "dggs": 27,
            "status": "UNKNOWN",
            "notes": "",
            "test_resource": null
        }
    },
    {
        "model": "dggsreg.dggsconformancetest",
        "pk": 222,
        "fields": {
            "requirement": 18,
            "dggs": 27,
            "status": "UNKNOWN",
            "notes": "",
            "test_resource": null
        }
    },
    {
        "model": "dggsreg.dggstessellation",
        "pk": 16,
        "fields": {
            "dggs": 23,
            "refinement_level": 0,
            "celltype": [  "https://www.opengis.net/def/dggs/code/celltype/Triangle" ],
            "number_of_cells": 4,
            "celledgetype": [ "https://www.opengis.net/def/dggs/code/celledgetype/geodesic" ],
            "cellarea": 23234234234234.0,
            "cellarea_precision": 234.0
        }
    },
    {
        "model": "dggsreg.dggstessellation",
        "pk": 17,
        "fields": {
            "dggs": 23,
            "refinement_level": 1,
            "celltype": [ "https://www.opengis.net/def/dggs/code/celltype/hexagon" ],
            "number_of_cells": 123,
            "celledgetype": [ "https://www.opengis.net/def/dggs/code/celledgetype/geodesic" ],
            "cellarea": 123121231.0,
            "cellarea_precision": 123.0
        }
    },
    {
        "model": "dggsreg.dggstessellation",
        "pk": 18,
        "fields": {
            "dggs": 23,
            "refinement_level": 1,
            "celltype": [ "https://www.opengis.net/def/dggs/code/celltype/pentagon" ],
            "number_of_cells": 12,
            "celledgetype": [ "https://www.opengis.net/def/dggs/code/celledgetype/geodesic" ],
            "cellarea": 123.0,
            "cellarea_precision": 123123.0
        }
    },
    {
        "model": "dggsreg.dggstessellation",
        "pk": 19,
        "fields": {
            "dggs": 24,
            "refinement_level": 0,
            "celltype": [ "https://www.opengis.net/def/dggs/code/celltype/square" ],
            "number_of_cells": 6,
            "celledgetype": [ "https://www.opengis.net/def/dggs/code/celledgetype/small_circle" ],
            "cellarea": 85000000000000.0,
            "cellarea_precision": 0.015
        }
    },
    {
        "model": "dggsreg.dggstessellation",
        "pk": 20,
        "fields": {
            "dggs": 26,
            "refinement_level": 0,
            "celltype": [ "https://www.opengis.net/def/dggs/code/celltype/square" ],
            "number_of_cells": 6,
            "celledgetype": [ "https://www.opengis.net/def/dggs/code/celledgetype/small_circle" ],
            "cellarea": 85238928687184.69,
            "cellarea_precision": 0.015
        }
    },
    {
        "model": "dggsreg.dggstessellation",
        "pk": 21,
        "fields": {
            "dggs": 26,
            "refinement_level": 1,
            "celltype": [ "https://www.opengis.net/def/dggs/code/celltype/square" ],
            "number_of_cells": 54,
            "celledgetype": [ "https://www.opengis.net/def/dggs/code/celledgetype/small_circle" ],
            "cellarea": 9470992076353.854,
            "cellarea_precision": 0.015
        }
    },
    {
        "model": "dggsreg.dggstessellation",
        "pk": 22,
        "fields": {
            "dggs": 26,
            "refinement_level": 2,
            "celltype": [ "https://www.opengis.net/def/dggs/code/celltype/square" ],
            "number_of_cells": 486,
            "celledgetype": [ "https://www.opengis.net/def/dggs/code/celledgetype/small_circle" ],
            "cellarea": 1052332452928.21,
            "cellarea_precision": 0.015
        }
    },
    {
        "model": "dggsreg.dggstessellation",
        "pk": 23,
        "fields": {
            "dggs": 26,
            "refinement_level": 3,
            "celltype": [ "https://www.opengis.net/def/dggs/code/celltype/square" ],
            "number_of_cells": 4374,
            "celledgetype": [ "https://www.opengis.net/def/dggs/code/celledgetype/small_circle" ],
            "cellarea": 116925828103.134,
            "cellarea_precision": 0.015
        }
    },
    {
        "model": "dggsreg.dggstessellation",
        "pk": 24,
        "fields": {
            "dggs": 26,
            "refinement_level": 4,
            "celltype": [ "https://www.opengis.net/def/dggs/code/celltype/square" ],
            "number_of_cells": 39366,
            "celledgetype": [ "https://www.opengis.net/def/dggs/code/celledgetype/small_circle" ],
            "cellarea": 12991758678.126,
            "cellarea_precision": 0.015
        }
    },
    {
        "model": "dggsreg.dggstessellation",
        "pk": 25,
        "fields": {
            "dggs": 26,
            "refinement_level": 5,
            "celltype": [ "https://www.opengis.net/def/dggs/code/celltype/square" ],
            "number_of_cells": 354294,
            "celledgetype": [ "https://www.opengis.net/def/dggs/code/celledgetype/small_circle" ],
            "cellarea": 1443528742.014,
            "cellarea_precision": 0.015
        }
    },
    {
        "model": "dggsreg.dggstessellation",
        "pk": 26,
        "fields": {
            "dggs": 26,
            "refinement_level": 6,
            "celltype": [ "https://www.opengis.net/def/dggs/code/celltype/square" ],
            "number_of_cells": 3188646,
            "celledgetype": [ "https://www.opengis.net/def/dggs/code/celledgetype/small_circle" ],
            "cellarea": 160392082.446,
            "cellarea_precision": 0.015
        }
    },
    {
        "model": "dggsreg.dggstessellation",
        "pk": 27,
        "fields": {
            "dggs": 26,
            "refinement_level": 7,
            "celltype": [ "https://www.opengis.net/def/dggs/code/celltype/square" ],
            "number_of_cells": 28697814,
            "celledgetype": [ "https://www.opengis.net/def/dggs/code/celledgetype/small_circle" ],
            "cellarea": 17821342.494,
            "cellarea_precision": 0.015
        }
    },
    {
        "model": "dggsreg.dggstessellation",
        "pk": 28,
        "fields": {
            "dggs": 26,
            "refinement_level": 8,
            "celltype": [ "https://www.opengis.net/def/dggs/code/celltype/square" ],
            "number_of_cells": 258280326,
            "celledgetype": [ "https://www.opengis.net/def/dggs/code/celledgetype/small_circle" ],
            "cellarea": 1980149.166,
            "cellarea_precision": 0.015
        }
    },
    {
        "model": "dggsreg.dggstessellation",
        "pk": 29,
        "fields": {
            "dggs": 26,
            "refinement_level": 9,
            "celltype": [ "https://www.opengis.net/def/dggs/code/celltype/square" ],
            "number_of_cells": 2324522934,
            "celledgetype": [ "https://www.opengis.net/def/dggs/code/celledgetype/small_circle" ],
            "cellarea": 220016.574,
            "cellarea_precision": 0.015
        }
    },
    {
        "model": "dggsreg.dggstessellation",
        "pk": 30,
        "fields": {
            "dggs": 26,
            "refinement_level": 10,
            "celltype": [ "https://www.opengis.net/def/dggs/code/celltype/square" ],
            "number_of_cells": 20920706406,
            "celledgetype": [ "https://www.opengis.net/def/dggs/code/celledgetype/small_circle" ],
            "cellarea": 24446.286,
            "cellarea_precision": 0.015
        }
    },
    {
        "model": "dggsreg.dggstessellation",
        "pk": 31,
        "fields": {
            "dggs": 26,
            "refinement_level": 11,
            "celltype": [ "https://www.opengis.net/def/dggs/code/celltype/square" ],
            "number_of_cells": 188286357654,
            "celledgetype": [ "https://www.opengis.net/def/dggs/code/celledgetype/small_circle" ],
            "cellarea": 2716.254,
            "cellarea_precision": 0.015
        }
    },
    {
        "model": "dggsreg.dggstessellation",
        "pk": 32,
        "fields": {
            "dggs": 26,
            "refinement_level": 12,
            "celltype": [ "https://www.opengis.net/def/dggs/code/celltype/square" ],
            "number_of_cells": 1694577218886,
            "celledgetype": [ "https://www.opengis.net/def/dggs/code/celledgetype/small_circle" ],
            "cellarea": 301.806,
            "cellarea_precision": 0.015
        }
    },
    {
        "model": "dggsreg.dggstessellation",
        "pk": 33,
        "fields": {
            "dggs": 26,
            "refinement_level": 13,
            "celltype": [ "https://www.opengis.net/def/dggs/code/celltype/square" ],
            "number_of_cells": 15251194969974,
            "celledgetype": [ "https://www.opengis.net/def/dggs/code/celledgetype/small_circle" ],
            "cellarea": 33.534,
            "cellarea_precision": 0.015
        }
    },
    {
        "model": "dggsreg.dggstessellation",
        "pk": 34,
        "fields": {
            "dggs": 26,
            "refinement_level": 14,
            "celltype": [ "https://www.opengis.net/def/dggs/code/celltype/square" ],
            "number_of_cells": 137260754729766,
            "celledgetype": [ "https://www.opengis.net/def/dggs/code/celledgetype/small_circle" ],
            "cellarea": 3.726,
            "cellarea_precision": 0.015
        }
    },
    {
        "model": "dggsreg.dggstessellation",
        "pk": 35,
        "fields": {
            "dggs": 26,
            "refinement_level": 15,
            "celltype": [ "https://www.opengis.net/def/dggs/code/celltype/square" ],
            "number_of_cells": 1235346792567890,
            "celledgetype": [ "https://www.opengis.net/def/dggs/code/celledgetype/small_circle" ],
            "cellarea": 0.414,
            "cellarea_precision": 0.015
        }
    },
    {
        "model": "dggsreg.dggstessellation",
        "pk": 36,
        "fields": {
            "dggs": 26,
            "refinement_level": 16,
            "celltype": [ "https://www.opengis.net/def/dggs/code/celltype/square" ],
            "number_of_cells": 11118121133111000,
            "celledgetype": [ "https://www.opengis.net/def/dggs/code/celledgetype/small_circle" ],
            "cellarea": 0.046,
            "cellarea_precision": 0.015
        }
    },
    {
        "model": "dggsreg.dggstessellation",
        "pk": 37,
        "fields": {
            "dggs": 27,
            "refinement_level": 0,
            "celltype": [ "https://www.opengis.net/def/dggs/code/celltype/Diamond" ],
            "number_of_cells": 4,
            "celledgetype": [ "https://www.opengis.net/def/dggs/code/celledgetype/geodesic" ],
            "cellarea": 12341234.0,
            "cellarea_precision": 0.15
        }
    },
    {
        "model": "dggsreg.dggstessellation",
        "pk": 38,
        "fields": {
            "dggs": 28,
            "refinement_level": 0,
            "celltype": [ "https://www.opengis.net/def/dggs/code/celltype/hexagon" ],
            "number_of_cells": 4,
            "celledgetype": [ "https://www.opengis.net/def/dggs/code/celledgetype/geodesic" ],
            "cellarea": 3453.0,
            "cellarea_precision": 234.0
        }
    }
]